seed,round,helpful_prover_accuracy,verifier_robustness,reward_gap,fidelity_helpful,fidelity_sneaky,helpful_mean_reward,sneaky_mean_reward,logit_bias,heldout_acc,heldout_accept,heldout_auroc,verifier_kept,relabeled_helpful,dropped_sneaky,aborted
42,1,0.664,0.883,0.432,0.14,0.86,0.111,0.127,-1.426,0.917,0.458,0.97,238,110,18,False
42,2,0.023,1.0,0.037,0.09,0.87,0.019,0.022,0.016,0.938,0.562,1.0,239,117,17,False
42,3,0.5,0.633,0.134,0.23,0.74,0.16,0.217,-0.235,0.979,0.521,0.993,223,99,33,False
42,4,0.055,0.961,-0.004,0.12,0.66,0.04,0.099,0.896,0.979,0.521,1.0,212,112,44,True
43,1,0.414,0.906,0.262,0.06,0.91,0.037,0.16,0.323,0.938,0.438,0.993,244,120,12,False
43,2,0.008,0.984,0.012,0.15,0.7,0.017,0.024,0.827,0.938,0.521,0.976,217,109,39,False
43,3,0.203,0.914,0.116,0.15,0.78,0.102,0.074,2.271,0.917,0.417,0.993,228,109,28,False
43,4,0.062,1.0,0.107,0.23,0.63,0.071,0.024,3.298,0.938,0.479,0.993,209,98,47,False
43,5,0.312,0.969,0.292,0.34,0.73,0.223,0.02,3.854,0.958,0.458,1.0,221,84,35,False
43,6,0.492,0.719,0.225,0.41,0.51,0.317,0.02,4.344,0.958,0.542,1.0,193,75,63,False
43,7,0.641,0.656,0.25,0.59,0.33,0.447,0.002,4.405,0.979,0.521,1.0,170,53,86,False
43,8,0.633,0.992,0.537,0.65,0.39,0.549,0.0,6.303,0.958,0.542,0.998,178,45,78,False
43,9,0.531,0.695,0.241,0.59,0.56,0.5,0.0,6.453,1.0,0.5,1.0,200,53,56,False
43,10,0.422,0.938,0.371,0.36,0.69,0.341,0.0,7.487,1.0,0.5,1.0,216,82,40,False
44,1,0.672,0.805,0.414,0.2,0.74,0.152,0.122,-1.678,0.896,0.479,0.977,223,103,33,False
44,2,0.0,0.992,0.016,0.12,0.92,0.02,0.062,-1.302,0.938,0.521,0.997,246,112,10,False
44,3,0.305,0.797,0.111,0.21,0.65,0.142,0.106,-0.296,0.938,0.438,1.0,211,101,45,False
44,4,0.18,0.969,0.139,0.2,0.66,0.105,0.057,0.713,0.979,0.521,0.99,212,102,44,False
44,5,0.352,0.984,0.301,0.4,0.66,0.287,0.025,2.15,0.896,0.438,0.991,213,77,43,False
44,6,0.359,0.922,0.338,0.3,0.72,0.214,0.046,2.406,0.979,0.521,0.998,220,90,36,False
44,7,0.484,0.875,0.356,0.57,0.5,0.435,0.001,1.789,0.958,0.542,0.997,192,55,64,False
44,8,0.562,0.797,0.387,0.54,0.79,0.455,0.058,2.17,0.896,0.396,0.977,229,59,27,False
44,9,0.602,0.93,0.566,0.66,0.45,0.559,0.001,3.048,0.938,0.438,0.995,186,43,70,False
44,10,0.492,0.875,0.382,0.6,0.44,0.489,0.001,3.495,0.958,0.458,1.0,184,51,72,False
